full_name,F,LassoPipe,XGBRegressor_local,GradientBoostingRegressor,RandomForestRegressor,DecisionTreeRegressor,HistGradientBoostingRegressor,LGBMRegressor,cv,cv2,cv3,lemon,mandarin,orange
DEWAGD_DWDBLE34_R46_S1_T1,720.0,798.6643311294389,785.292236328125,804.1657238697228,812.5516666666666,649.0,814.5899111239517,809.2635578009301,504,237,175,1,0,0
DEWAGD_DWDBLE34_R6_S1_T1,859.0,698.1459985652318,634.33447265625,679.4721563251588,692.0357142857143,840.0,679.2440690202096,808.9581803216736,382,262,239,1,0,0
DEWAGD_DWDBLE34_R6_S2_T1,859.0,615.4498528565044,597.6315307617188,644.4435980524172,630.2166666666666,540.0,668.7413145744911,615.6998243816706,344,255,216,1,0,0
DEWAGD_DWDBLE42_R29_S2_T1,174.0,128.65940575748982,135.6454315185547,119.16913588204471,165.46428571428572,236.0,121.60680407262258,149.05270163446346,46,24,19,1,0,0
DEWAGD_DWDBLE42_R9_S2_T1,188.0,141.36586286280695,146.45913696289062,201.1802917747546,159.0809523809524,236.0,225.02031837907657,270.6109137655347,63,35,27,1,0,0
DEWAGD_DWDBLE43_R10_S1_T1,513.0,407.6283769132847,489.5533752441406,457.81187400071735,602.2983333333334,540.0,482.5190008218064,659.4109031283751,226,185,159,1,0,0
DEWAGD_DWDBLE43_R10_S2_T1,513.0,399.6969910227891,493.4141845703125,433.9252303626422,694.5433333333333,568.0,435.32572370777854,531.177737850029,219,149,122,1,0,0
DEWAGD_DWDBLE43_R18_S1_T1,236.0,507.9789950077608,543.9508056640625,502.8347167971762,589.2833333333333,540.0,521.0697528816631,624.8202385892249,268,195,174,1,0,0
DEWAGD_DWDBLE43_R18_S2_T1,236.0,133.89330393782222,157.58950805664062,84.18700030329192,220.01666666666665,188.0,118.83216408821642,174.81313968475988,47,22,18,1,0,0
DEWAGD_DWDBLE43_R26_S1_T1,45.0,197.31273586413775,494.3049011230469,279.9682071168433,347.3466666666667,188.0,248.7142778490089,402.7882994655555,118,39,22,1,0,0
DEWAGD_DWDBLE43_R26_S2_T1,45.0,219.94789678401975,192.6395721435547,249.151114346429,360.0333333333333,188.0,246.60598497754768,368.5094641367299,93,61,47,1,0,0
DEWAGD_DWDBLE43_R34_S1_T1,296.0,239.55885655431837,407.2293090820313,218.03137207767207,314.0466666666667,188.0,228.45602807572968,262.53151533094706,105,73,62,1,0,0
DEWAGD_DWDBLE43_R42_S2_T1,291.0,211.63232656736645,218.162841796875,248.97059566060025,273.91333333333336,188.0,258.83727436021644,231.8475649125591,93,62,49,1,0,0
DEWAGD_DWDBM17A_R1_S1_T1,368.0,371.5754410926805,308.8994445800781,318.0306821063668,336.95,354.0,279.2531541232593,284.82111538582683,180,131,118,0,1,0
DEWAGD_DWDBM17A_R17_S1_T1,125.0,276.8324204411503,235.40948486328125,244.10248279814132,323.2416666666667,277.5,243.28492116648167,180.679461920796,111,76,58,0,1,0
DEWAGD_DWDBM17A_R25_S1_T1,921.0,1002.4993834730616,816.6681518554688,855.5855302556939,763.55,840.0,881.4472733798447,1179.0136568346484,572,426,384,0,1,0
DEWAGD_DWDBM17A_R33_S1_T1,250.0,496.2466462509906,416.0293884277344,522.964559660175,491.155,377.0,506.7128411716597,573.6252417044144,253,189,160,0,1,0
DEWAGD_DWDBM17A_R9_S1_T1,300.0,498.8689925262799,411.1340637207031,490.1092837282904,396.2016666666667,377.0,453.9062028669994,571.779582021728,242,186,158,0,1,0
DEWAGD_DWDBM17B_R18_S1_T1,327.0,468.5027636538186,514.1842041015625,374.7350749377609,635.0733333333334,438.0,338.3403858291203,413.4892781665246,224,170,146,0,1,0
DEWAGD_DWDBM17B_R18_S2_T1,327.0,357.1917182310931,400.94482421875,304.3223413088344,380.7266666666666,264.0,285.71350201848065,389.69369700027454,166,113,92,0,1,0
DEWAGD_DWDBM17B_R34_S2_T1,120.0,270.85094201414347,235.1788330078125,189.60500348467824,293.16666666666663,206.0,175.66844471624302,247.9596535166677,113,54,40,0,1,0
DEWAGD_DWDBM17B_R5_S2_T1,21.0,115.98307285340282,196.3598175048828,167.79728021662063,185.03333333333336,132.0,171.78136871841767,219.49298448347812,42,19,18,0,1,0
DEWAGD_DWDBM17B_R50_S1_T1,430.0,534.2800028129377,422.2190246582031,477.152600470625,424.9483333333334,360.0,429.8306552256992,412.65300057913686,286,185,134,0,1,0
DEWAGD_DWDBM17B_R50_S2_T1,430.0,311.5295429745961,319.70703125,269.60703817601546,277.87428571428575,206.0,221.60577293468032,378.9240419090396,135,102,92,0,1,0
DEWAGD_DWDBM17B_R66_S2_T1,360.0,383.36936025996624,345.8650207519531,345.486800505471,409.71,438.0,321.39686824129626,373.198793923168,185,116,91,0,1,0
DEWAGD_DWDBMN16_R1_S1_T1,180.0,234.8398882688953,249.59608459472656,264.5295389787074,246.47833333333327,119.0,244.5361347222293,306.23497799298667,105,67,56,0,1,0
DEWAGD_DWDBMN16_R1_S2_T1,180.0,288.9243869534415,322.2165832519531,215.73140729910364,405.62,187.0,188.7878263924203,317.7176142877009,137,75,57,0,1,0
DEWAGD_DWDBMN16_R10_S2_T1,363.0,273.8460404188211,262.8662109375,292.9098921024833,331.43333333333334,188.0,255.21988838648733,365.3376321987108,120,76,67,0,1,0
DEWAGD_DWDBMN16_R13_S1_T1,360.0,390.1974085664092,434.0841674804688,344.4257082742254,475.915,354.0,361.5438720905826,599.1002623817277,194,130,102,0,1,0
DEWAGD_DWDBMN16_R13_S2_T1,360.0,540.7218744451709,427.2740478515625,375.0889314711684,423.01166666666666,377.0,427.3097352610251,473.1726038272595,276,180,155,0,1,0
DEWAGD_DWDBMN16_R4_S2_T1,300.0,244.1542226772169,210.8370056152344,245.291510881185,213.78333333333336,164.0,231.0717590986121,290.1752244629404,101,73,66,0,1,0
DEWAGD_DWDBMN16_R7_S1_T1,474.0,657.398494314341,612.8291015625,665.8337820637278,632.3678571428571,780.0,631.3201081011542,623.6202657826624,351,284,250,0,1,0
DEWAGD_DWDBMN37_R13_S1_T1,300.0,293.5982397758623,178.373779296875,168.51346157909492,184.51666666666665,188.0,160.70149640908878,134.0953553591932,91,66,48,0,1,0
DEWAGD_DWDBMN37_R13_S2_T1,300.0,400.0566383105369,400.457275390625,414.2579032342994,471.65,360.0,421.57266469125534,544.7577350148399,189,153,134,0,1,0
DEWAGD_DWDBMN37_R29_S1_T1,688.0,648.8696480770802,678.560302734375,759.592115112369,789.9988095238095,649.0,777.9917980062136,705.722509765403,418,310,244,0,1,0
DEWAGD_DWDBMN37_R29_S2_T1,688.0,667.3512554985678,684.883544921875,783.7121487518559,836.4988095238095,649.0,764.3083631327547,755.9927595072585,435,331,293,0,1,0
DEWAGD_DWDBMN37_R41_S1_T1,889.0,573.9222348644344,458.5038757324219,534.0578131574039,495.6783333333333,528.5,548.2296578392658,461.7756192728957,349,260,234,0,1,0
DEWAGD_DWDBMN37_R41_S2_T1,889.0,733.4305529848732,684.6510009765625,723.6281064177083,806.6666666666666,649.0,759.6156966569207,736.0509157654252,496,406,372,0,1,0
DEWAGD_DWDBMN37_R49_S1_T1,638.0,578.0902720542201,515.7731323242188,725.966226305012,555.725,377.0,660.1184092370445,560.2477537287953,353,266,227,0,1,0
DEWAGD_DWDBMN37_R49_S2_T1,638.0,418.47453560126166,409.7759094238281,431.0167289125815,365.8933333333333,360.0,412.1347567401127,491.1444816124486,206,160,140,0,1,0
DEWAGD_DWDBMN37_R5_S1_T1,1434.0,1234.5263565569114,866.6156616210938,1137.773466589466,950.4366666666668,990.0,928.9828940362622,583.8131635805299,957,713,572,0,1,0
DEWAGD_DWDBMN37_R5_S2_T1,1434.0,827.0756267684778,726.0533447265625,983.7392954496388,769.3914285714285,990.0,787.5797025358588,930.430078212334,582,411,333,0,1,0
DEWAGD_DWDBMN38_R14_S2_T1,218.0,296.7520940936841,215.31588745117188,268.59098480108764,147.25785714285715,181.0,261.51230712936047,285.0650256099557,110,76,63,0,1,0
DEWAGD_DWDBMN38_R2_S1_T1,224.0,451.1681178658768,427.2749328613281,497.5295411809423,499.9542857142857,360.0,391.2030615063703,511.9505653845056,216,159,136,0,1,0
DEWAGD_DWDBMN38_R2_S2_T1,224.0,257.2958693652212,228.90782165527344,239.99111116087235,240.60476190476192,181.0,250.06107817154057,208.52192951257845,98,69,62,0,1,0
DEWAGD_DWDBMN38_R22_S1_T1,434.0,650.7418189773845,672.2811279296875,782.0266296856151,715.8133333333333,688.0,756.6709704798831,587.7116676818457,372,293,263,0,1,0
DEWAGD_DWDBMN38_R22_S2_T1,434.0,413.4575860181892,550.2586669921875,433.4104274555893,664.5483333333334,544.0,466.9568711440263,617.0453275365184,205,162,137,0,1,0
DEWAGD_DWDBMN38_R30_S1_T1,870.0,941.5889876005468,772.9891967773438,763.7678240612045,715.3083333333334,688.0,773.9521501328741,860.8762436800977,543,419,359,0,1,0
DEWAGD_DWDBMN38_R30_S2_T1,870.0,665.8687417388797,664.00341796875,781.0528557280294,675.8047619047619,688.0,760.0748550884879,708.9406588822224,417,338,296,0,1,0
DEWAGD_DWDBMN38_R6_S1_T1,568.0,601.1216047438626,443.99560546875,487.47763488274825,475.0966666666666,360.0,403.4578304552024,378.20607459012,268,212,184,0,1,0
DEWAGD_DWDBMN38_R6_S2_T1,568.0,403.6277376995085,525.585205078125,436.9707914812728,638.4983333333333,544.0,490.1755152377364,554.3852571358683,219,168,139,0,1,0
DEWAGD_DWDBNB05_R17_S1_T1,113.0,155.70035274684025,84.16049194335938,65.1734452040529,92.80071428571428,66.0,80.85604252580546,70.42316724637854,61,39,30,0,0,1
DEWAGD_DWDBNB05_R17_S2_T1,113.0,224.0534333992859,133.9705352783203,139.90797570406124,191.84976190476192,271.0,126.29785266049196,160.18121255843565,111,79,66,0,0,1
DEWAGD_DWDBNB05_R29_S1_T1,216.0,421.4740026052745,319.2540588378906,304.75023552050334,345.2411111111111,467.0,327.7771122684337,341.86019886952687,272,191,145,0,0,1
DEWAGD_DWDBNB05_R29_S2_T1,216.0,444.6128864577894,389.47943115234375,439.4281678369439,514.7519047619048,467.0,438.6126102676034,589.2874406923204,321,233,194,0,0,1
DEWAGD_DWDBNB05_R37_S1_T1,281.0,299.143241279394,178.546630859375,218.25278975675977,188.5016666666667,251.0,228.4347233160166,240.74330121203224,188,139,112,0,0,1
DEWAGD_DWDBNB05_R37_S2_T1,281.0,317.0386089303308,244.76502990722656,218.41585408507828,241.98333333333332,251.0,254.6242594116652,289.4876416890353,194,154,137,0,0,1
DEWAGD_DWDBNB05_R48_S1_T1,186.0,247.7286533241709,134.3772430419922,175.99159268309464,165.35,80.0,173.8778171977998,219.88360927224548,134,90,74,0,0,1
DEWAGD_DWDBNB05_R48_S2_T1,186.0,293.5742201970713,184.80625915527344,247.8435551388184,226.22833333333335,212.5,194.9024293646784,156.979564940287,183,116,97,0,0,1
DEWAGD_DWDBNB05_R5_S1_T1,317.0,411.7604062978232,344.2930603027344,343.9419653717915,361.7666666666667,467.0,367.4293065668208,328.1050233389656,280,201,176,0,0,1
DEWAGD_DWDBNB05_R5_S2_T1,317.0,334.94818566990386,334.4391174316406,321.5906977216563,351.29833333333335,331.0,305.86773381740545,307.73196604310283,257,187,152,0,0,1
DEWAGD_DWDBNB07_R1_S1_T1,161.0,254.05430094219403,162.5495147705078,176.17622275439845,186.00333333333333,204.0,157.00953798539234,227.48569956855937,161,95,77,0,0,1
DEWAGD_DWDBNB07_R1_S2_T1,161.0,282.11513155223327,276.2756042480469,275.1040060022165,213.9304761904762,271.0,290.269153285495,244.9873470330752,223,159,124,0,0,1
DEWAGD_DWDBNB07_R13_S1_T1,92.0,100.22168845140968,66.39938354492188,86.09658647715055,96.025,137.0,88.14668763347183,106.49519955074152,52,29,21,0,0,1
DEWAGD_DWDBNB07_R13_S2_T1,92.0,264.547246420044,178.46731567382812,206.50028035637155,248.0566666666667,204.0,197.0633361826308,194.19933929920984,170,107,90,0,0,1
DEWAGD_DWDBNB07_R25_S1_T1,352.0,306.8055414950319,337.4467468261719,333.6648775679474,368.5258333333333,271.0,314.84799841827305,422.5575373584354,246,169,142,0,0,1
DEWAGD_DWDBNB07_R25_S2_T1,352.0,390.2926640440714,344.6445617675781,441.10051963207496,433.8125000000001,311.0,475.7017549046228,294.78719870953444,309,229,200,0,0,1
DEWAGD_DWDBNB07_R37_S1_T1,109.0,198.33049744092503,101.37579345703124,120.21147284703622,128.43571428571423,168.0,124.6865632075096,128.4863420847296,101,63,52,0,0,1
DEWAGD_DWDBNB07_R37_S2_T1,109.0,103.10630754749482,50.651100158691406,23.154585755919364,84.28666666666666,129.0,88.6297827465071,34.33787276349345,46,23,15,0,0,1
DEWAGD_DWDBNB07_R49_S1_T1,463.0,254.55228786661385,300.2531433105469,307.658473201422,332.65,436.0,312.5904690007099,431.5626559473503,236,182,154,0,0,1
DEWAGD_DWDBNB07_R49_S2_T1,463.0,193.13142758929328,132.59934997558594,145.33111106043933,204.54666666666668,196.0,129.55268512870555,176.73374991567545,102,75,61,0,0,1
DEWAGD_DWDBNB09_R11_S1_T1,66.0,168.56732075045258,168.99652099609375,166.0246972826008,145.28166666666667,257.5,159.23544787241426,212.6620587462581,112,53,39,0,0,1
DEWAGD_DWDBNB09_R11_S2_T1,66.0,166.8909198285499,154.61563110351562,113.73608996076244,168.70714285714286,287.5,148.30231187344882,183.7618378370061,86,42,33,0,0,1
DEWAGD_DWDBNB09_R27_S1_T1,29.0,120.08670907993442,90.85126495361328,97.95873943540562,128.8904761904762,120.0,108.16672491798298,90.01465264440401,49,32,21,0,0,1
DEWAGD_DWDBNB09_R43_S1_T1,331.0,290.39767573364463,319.991455078125,354.6331071932943,359.71333333333337,301.0,338.4977900749686,379.41148529596586,255,182,163,0,0,1
DEWAGD_DWDBNB09_R43_S2_T1,331.0,292.56566390266875,290.7772216796875,312.11400106812334,348.0766666666667,428.0,307.89046963223984,322.843482515132,240,153,130,0,0,1
DEWAGD_DWDBNB09_R59_S1_T1,154.0,238.5422679477395,210.8355255126953,232.7448798057869,202.28000000000003,201.0,209.5384905335189,224.8305586175053,190,118,94,0,0,1
DEWAGD_DWDBNB09_R59_S2_T1,154.0,254.4314893344645,187.1037139892578,188.4321479027201,225.18666666666664,264.5,181.2933391769796,224.19365221284588,176,110,89,0,0,1
DEWAGD_DWDBNB09_R75_S1_T1,219.0,267.6361095282774,254.07501220703125,260.3110582589134,292.90500000000003,201.0,246.3277095834085,301.82201122495337,193,132,108,0,0,1
DEWAGD_DWDBNB09_R75_S2_T1,219.0,281.84728578978417,195.08642578125,219.92940249379677,223.90833333333336,176.0,202.2604103636269,195.8282583946638,163,90,72,0,0,1
DEWAGD_DWDBNC47_R14_S1_T1,470.0,327.7971406974116,318.570068359375,378.5839210514359,431.405,359.5,334.6660433206411,339.0047218689166,296,206,175,0,0,1
DEWAGD_DWDBNC47_R14_S2_T1,470.0,346.7394979872597,298.1019287109375,348.60732486938355,342.0705555555556,314.0,354.07219784747525,322.95309438292645,279,222,186,0,0,1
DEWAGD_DWDBNC47_R26_S1_T1,510.0,434.1339451154307,418.0599670410156,389.0704239215747,444.2714285714286,470.5,406.5581693912704,443.1758127833831,358,254,214,0,0,1
DEWAGD_DWDBNC47_R26_S2_T1,510.0,305.64418795940736,207.2936553955078,232.9455705142344,256.61333333333334,219.0,246.82843285431025,255.89007950470256,197,156,139,0,0,1
DEWAGD_DWDBNC47_R46_S1_T1,480.0,359.71365552413823,346.10369873046875,342.41131572234144,506.4433333333333,359.5,372.8430315062434,490.83354642699686,305,225,192,0,0,1
DEWAGD_DWDBNC47_R46_S2_T1,480.0,294.2487822977697,278.4075927734375,275.1102277909848,357.065,359.5,322.8918735165625,313.5175042908574,251,186,153,0,0,1
DEWAGD_DWDBNC47_R6_S1_T1,406.0,311.3493683419393,224.71759033203125,237.5898659900269,226.385,263.0,232.41446544825413,294.31695547997293,213,148,125,0,0,1
DEWAGD_DWDBNC47_R6_S2_T1,406.0,284.6742905031773,287.75274658203125,268.2968305403835,302.3583333333333,359.5,303.9168220970533,328.441681750992,234,156,132,0,0,1
DEWAGD_DWDBNW13_R14_S1_T1,369.0,369.20324963734345,310.2189636230469,332.63936745033413,348.2083333333333,417.0,345.98261365686784,344.7405783910595,279,198,168,0,0,1
DEWAGD_DWDBNW13_R2_S1_T1,388.0,194.92377450975889,216.12710571289065,197.1082736138137,212.44333333333333,195.0,201.40401001505984,271.5252102677208,139,96,78,0,0,1
DEWAGD_DWDBNW13_R30_S1_T1,408.0,346.52265272471027,303.45654296875,298.29437268672456,351.44999999999993,417.0,307.99762549144054,326.12072392951626,256,211,178,0,0,1
DEWAGD_DWDBNW13_R42_S1_T1,405.0,418.8528495623032,452.58148193359375,487.6534578559306,493.9333333333333,855.0,498.7918511264108,682.5571417469728,366,259,211,0,0,1
DEWAGD_DWDBNW13_R54_S1_T1,214.0,237.63918195772268,130.73452758789062,160.4590665960135,196.70714285714288,120.0,159.9360607817486,160.8697097901201,146,102,84,0,0,1
DEWAGD_DWDBNW24_R14_S1_T1,428.0,343.4677121109978,281.4227294921875,347.1569624956741,351.3938095238095,407.0,321.6244301111538,313.22067533721207,242,181,159,0,0,1
DEWAGD_DWDBNW24_R2_S1_T1,311.0,381.2740355582623,357.5049743652344,397.6742285709409,382.0083333333333,407.0,381.7196392698795,445.7668695076282,282,210,172,0,0,1
DEWAGD_DWDBNW24_R22_S1_T1,180.0,209.8092044357196,204.9509429931641,195.23518141106285,209.23214285714283,196.5,172.4316474917095,193.04013384019825,130,89,78,0,0,1
DEWAGD_DWDBNW24_R26_S1_T1,436.0,376.9577773889192,255.5538024902344,321.42154462229394,247.5583333333333,317.0,289.9901724675408,243.02409163163156,230,187,168,0,0,1
DEWAGD_DWDBNW24_R6_S1_T1,123.0,156.34419484651855,106.04706573486328,102.3641985347856,138.86333333333332,92.0,117.92658631902638,128.68646964810412,75,49,44,0,0,1
DEWAGD_DWDBNW25_R1_S1_T1,269.0,339.6002848597582,370.1958618164063,365.6264015571859,389.80666666666673,334.5,371.3445322506948,427.9650629056127,241,173,146,0,0,1
DEWAGD_DWDBNW25_R17_S1_T1,363.0,361.3316363981959,388.4893493652344,401.3176459289856,413.1783333333333,314.0,437.3957614520852,478.7300549512123,294,215,176,0,0,1
DEWAGD_DWDBNW25_R25_S1_T1,367.0,363.48277774176887,311.2684020996094,364.8505470169267,399.305,334.5,366.5143451624784,432.3249716309709,273,190,160,0,0,1
DEWAGD_DWDBNW25_R37_S1_T1,450.0,222.08838134726503,200.5062255859375,222.14334021693443,232.0130952380952,211.0,207.69450308530904,228.5786236032113,159,113,97,0,0,1
DEWAGD_DWDBNW25_R5_S1_T1,468.0,240.6928497329204,164.42723083496094,193.642216575226,184.4664285714286,143.0,186.81518912660763,170.54235126332938,139,102,94,0,0,1
DEWAGD_DWDBNW39_R10_S1_T1,118.0,154.5750601177172,164.4345703125,152.3440989373512,121.805,284.0,161.80693833530847,169.7190519897675,102,67,55,0,0,1
DEWAGD_DWDBNW39_R10_S2_T1,118.0,220.90115368627016,129.0824737548828,177.95449518199123,154.67142857142858,284.0,187.70925881980247,182.5635264266465,124,64,59,0,0,1
DEWAGD_DWDBNW39_R18_S1_T1,207.0,308.84997931539294,218.4579620361328,211.31001482942585,280.6407142857143,179.0,210.65190472092576,160.12748599579368,216,141,115,0,0,1
DEWAGD_DWDBNW39_R18_S2_T1,207.0,356.9229998419503,278.5726928710937,322.3183065171721,351.43,352.0,309.9360880664237,283.6496510731884,244,144,113,0,0,1
DEWAGD_DWDBNW39_R26_S1_T1,125.0,216.27652029114572,163.63827514648438,159.9112339215889,169.56666666666666,187.0,154.46811552720231,139.7972206697139,136,96,81,0,0,1
DEWAGD_DWDBNW39_R26_S2_T1,125.0,164.5433854559221,131.27224731445312,128.54207410618017,122.91,113.0,126.66974558257344,145.85347750966443,92,60,53,0,0,1
DEWAGD_DWDBNW39_R30_S1_T1,132.0,241.62920578886548,195.1274871826172,139.87692755882412,202.13333333333333,212.5,117.8075342954779,194.57513898400308,177,109,82,0,0,1
DEWAGD_DWDBNW39_R30_S2_T1,132.0,259.8591837423236,218.9613494873047,242.66163718509125,278.3666666666667,179.0,276.3272163592664,235.29366495371548,187,125,103,0,0,1
DEWAGD_DWDBNW39_R6_S2_T1,162.0,335.4785834145375,238.3111572265625,158.59932322068562,253.90000000000003,179.0,184.7052509446547,171.13038663624982,202,136,118,0,0,1
DEWAGD_DWDBNW40_R22_S1_T1,239.0,294.4076460231302,202.5717315673828,197.82423588399988,230.325,174.0,203.93481177092195,269.4830962279947,195,125,106,0,0,1
DEWAGD_DWDBNW40_R22_S2_T1,239.0,213.9381006683679,224.07376098632807,202.1129700976201,213.0166666666667,251.0,208.2852336661452,210.0169272077166,155,109,96,0,0,1
DEWAGD_DWDBNW40_R46_S1_T1,201.0,302.5252509235936,163.7657470703125,233.9968586900741,224.8166666666667,174.0,214.28347718368656,153.35537027057038,212,135,109,0,0,1
DEWAGD_DWDBNW40_R46_S2_T1,201.0,313.5463621979088,280.2715759277344,332.34460950510766,300.2366666666667,320.5,339.05296759176184,350.5978338706556,226,176,161,0,0,1
DEWAGD_DWDBNW40_R6_S1_T1,120.0,228.31722170632207,156.59027099609375,162.19328896096408,163.10166666666663,120.0,160.5224378013356,161.68158880027806,140,86,71,0,0,1
DEWAGD_DWDBNW40_R66_S2_T1,202.0,242.89446819026548,174.99838256835938,203.2222019051292,202.1833333333333,180.5,203.6397745296213,316.0681823686991,167,123,101,0,0,1
DEWAGD_DWDBNW40_R74_S1_T1,271.0,366.4226087863292,271.42510986328125,355.7954582091224,409.8880952380952,352.0,310.6310403241144,409.53929448401016,256,155,119,0,0,1
DEWAGD_DWDBNW40_R74_S2_T1,271.0,306.47637372298806,255.2578887939453,316.7219556608562,331.2766666666667,311.0,291.8413370498865,260.67076673051133,221,144,114,0,0,1
DEWAGD_DWDBVM20_R23_S1_T1,367.0,284.28490736113133,256.8247985839844,319.99209887634566,271.20166666666665,242.5,309.13356770142883,276.8049487213945,259,162,119,0,0,1
DEWAGD_DWDBVM20_R23_S2_T1,367.0,299.66602398969866,293.4857788085937,329.6154482562299,305.99047619047616,428.0,327.8827498812203,271.01145390802645,260,190,158,0,0,1
DEWAGD_DWDBVM20_R35_S1_T1,467.0,329.96801179747223,402.6811828613281,472.6006606785792,408.6166666666667,589.0,404.8039013474772,450.1257072586822,352,201,150,0,0,1
DEWAGD_DWDBVM20_R35_S2_T1,467.0,289.814524694614,307.10369873046875,317.5954059525187,362.95833333333337,242.5,328.5788307277302,187.41448410863256,315,218,166,0,0,1
DEWAGD_DWDBVM20_R43_S2_T1,287.0,228.81186979532907,144.7419891357422,171.90861387523032,184.07333333333327,122.5,151.92204930425692,199.8835712482074,161,95,78,0,0,1
DEWAGD_DWDBCL46_R203_S1_T1,906.0,569.5414330480065,479.0657958984375,465.8957259302313,447.0788095238096,314.0,432.3943449448056,594.106086065066,324,240,207,0,1,0
DEWAGD_DWDBCL46_R203_S2_T1,906.0,466.8245242054591,419.8769226074219,447.5305669363765,451.4483333333334,463.0,424.7891502809887,516.4340892469553,260,184,161,0,1,0
DEWAGD_DWDBCL46_R23_S1_T1,517.0,531.0152954220508,383.75091552734375,487.242739154734,351.4004761904762,314.0,448.6080228322516,494.2804351869979,297,222,201,0,1,0
DEWAGD_DWDBCL46_R23_S2_T1,517.0,438.831124996315,324.1230163574219,419.61344181333794,365.01333333333326,352.0,392.44045179424126,421.0879890691795,247,188,157,0,1,0
DEWAGD_DWDBCL46_R35_S1_T1,519.0,265.1100216043189,250.6347198486328,251.5341031555344,293.03833333333336,246.5,259.0333623655025,279.59884550668465,125,72,48,0,1,0
DEWAGD_DWDBCL46_R35_S2_T1,519.0,418.4847124790296,318.0770568847656,339.4618185573861,323.4095238095238,473.5,345.0610787699831,387.44563773263513,225,156,134,0,1,0
DEWAGD_DWDBCL46_R43_S1_T1,540.0,566.4085892203915,446.7669372558594,600.6139174321451,511.3589285714285,475.0,570.2758300170512,558.97609015483,329,225,190,0,1,0
DEWAGD_DWDBCL46_R43_S2_T1,540.0,388.6562021494272,370.7367248535156,368.16758314288086,545.9333333333333,473.5,407.0917450567557,491.4162946102843,228,148,119,0,1,0
DEWAGD_DWDBCL46_R55_S1_T1,658.0,557.283269486199,406.0238037109375,501.3015259703961,361.56833333333327,314.0,463.0955753458117,501.4039452934939,311,220,189,0,1,0
DEWAGD_DWDBCL46_R63_S1_T1,438.0,355.2887971054949,383.8382568359375,355.4462519706575,391.95,473.5,343.1972403815839,504.6130935853339,194,138,108,0,1,0
DEWAGD_DWDBCL46_R72_S1_T1,540.0,428.0963289888113,375.14984130859375,387.3219145123472,433.9549999999999,473.5,384.7866359073507,518.5005618769344,225,167,138,0,1,0
DEWAGD_DWDBCL46_R72_S2_T1,540.0,440.2441599556771,278.7828369140625,393.23519452586913,319.2416666666667,473.5,369.9501641080795,261.3133041501162,230,170,142,0,1,0
DEWAGD_DWDBCL46_R79_S1_T1,720.0,543.8392113198971,440.758056640625,512.5212345782231,430.3404761904761,463.0,483.6786644480264,687.0629092455381,313,227,182,0,1,0
DEWAGD_DWDBCL46_R79_S2_T1,720.0,350.8218186669842,354.0668334960937,361.0596197555232,476.695,473.5,378.3982865513559,498.4250157247927,189,132,111,0,1,0
DEWAGD_DWDBCL46_R92_S1_T1,840.0,628.4266420575664,602.410888671875,578.1441416958178,497.3953571428571,475.0,582.5728932869748,739.2691872831697,370,280,235,0,1,0
DEWAGD_DWDBCL46_R92_S2_T1,840.0,646.9779510209546,571.23876953125,599.698379600449,561.2491666666667,475.0,578.0749291906974,690.6071701584053,423,311,246,0,1,0
DEWAGD_DWDBCN51_R13_S1_T1,348.0,370.62199395015534,322.12615966796875,311.3050237016228,382.2383333333333,360.0,295.83123693898506,322.97090645433934,178,123,104,0,1,0
DEWAGD_DWDBCN51_R13_S2_T1,348.0,465.12787092079134,400.59808349609375,476.8535771444052,477.0333333333333,518.0,466.7488659448326,443.0280813459914,234,156,139,0,1,0
DEWAGD_DWDBCN51_R21_S1_T1,828.0,535.4643690096837,550.6480712890625,532.7032610314832,622.9516666666666,518.0,553.1940580474883,634.5468333511539,290,204,180,0,1,0
DEWAGD_DWDBCN51_R21_S2_T1,828.0,588.9481071496282,484.1411437988281,468.0685342846231,579.0419047619048,658.0,590.739523724088,565.4430370198056,327,236,211,0,1,0
DEWAGD_DWDBCN51_R33_S1_T1,194.0,308.4226480091269,335.69952392578125,267.3606917607796,336.87166666666667,284.0,290.88476952022063,401.6152339138541,146,101,86,0,1,0
DEWAGD_DWDBCN51_R33_S2_T1,194.0,260.5595311286348,233.11952209472656,217.2806984973741,316.78333333333336,284.0,263.99122272668563,321.7644336568172,126,69,49,0,1,0
DEWAGD_DWDBCN51_R41_S1_T1,336.0,251.60568567384937,256.0874938964844,233.5100586359904,269.26166666666666,214.0,261.97271845674965,270.36299529372434,113,72,62,0,1,0
DEWAGD_DWDBCN51_R41_S2_T1,336.0,519.3372569320031,502.3283996582031,416.0941499814392,528.2166666666667,518.0,475.2082261037977,547.7740079431749,268,181,153,0,1,0
DEWAGD_DWDBCN51_R5_S1_T1,292.0,969.01329091092,957.975830078125,1017.8674132516684,958.635,688.0,937.6681195944096,987.6207748831304,597,255,116,0,1,0
DEWAGD_DWDBCN51_R5_S2_T1,292.0,1412.5844037678814,1218.0977783203125,1368.946823251291,1220.3266666666666,1360.0,1107.07377902652,1328.0834829466305,922,439,203,0,1,0
DEWAGD_DWDBLE33_R11_S1_T1,840.0,734.0683385223211,631.7002563476562,520.92953325526,637.1933333333334,510.0,723.6100071650683,449.11510355023256,466,342,289,1,0,0
DEWAGD_DWDBLE33_R11_S2_T1,840.0,871.7526567531663,719.7680053710938,824.0264697867719,745.7466666666667,1360.0,916.5166646822084,871.9397509709007,553,416,346,1,0,0
DEWAGD_DWDBLE33_R23_S1_T1,1020.0,1168.938686370958,961.2658081054688,1215.7238382565777,1098.8149999999998,510.0,841.2244464839769,867.1364548663973,767,535,442,1,0,0
DEWAGD_DWDBLE33_R23_S2_T1,1020.0,901.3784847793108,695.326904296875,725.630777179318,676.6683333333333,510.0,831.7848673039501,823.5282494219912,580,427,366,1,0,0
DEWAGD_DWDBLE33_R35_S1_T1,962.0,373.9482039357265,310.02947998046875,239.7191727543224,364.9666666666666,360.0,315.4693131988881,264.59258665428143,217,149,118,1,0,0
DEWAGD_DWDBLE33_R47_S1_T1,780.0,740.6609945583275,597.0940551757812,623.7578536459083,708.3683333333333,510.0,631.4819544873299,547.6892886489875,403,317,282,1,0,0
DEWAGD_DWDBLE33_R47_S2_T1,780.0,703.8143324579264,686.0673217773438,777.5766922009417,712.8266666666666,840.0,806.8328229313986,680.4597724078623,426,309,263,1,0,0
DEWAGD_DWDBLE33_R59_S1_T1,960.0,887.5958805535597,807.1953735351562,1193.5780106086602,992.5116666666664,510.0,786.9377911717582,661.0358933098714,517,347,285,1,0,0
DEWAGD_DWDBLE34_R26_S1_T1,377.0,582.7613197140893,506.8967590332031,614.1824105797922,630.1366666666667,540.0,653.3451217044965,686.8830049158147,314,241,219,1,0,0
DEWAGD_DWDBLE34_R26_S2_T1,377.0,539.3240371795291,545.4598388671875,555.070796225537,588.302380952381,540.0,590.7520856155544,801.3113524704055,304,231,199,1,0,0
DEWAGD_DWDBLE34_R34_S1_T1,462.0,714.2575616999634,731.3812866210938,752.1565134575383,831.4200000000001,840.0,889.1474193416592,771.4917734944091,415,304,267,1,0,0
DEWAGD_DWDBLE42_R25_S2_T1,527.0,308.4390799243536,251.49009704589844,307.6561015223869,314.6116666666666,206.0,285.26506557021963,329.1109926056346,153,100,74,1,0,0
PROPAL_2004XXXX_R12_S1_T1,295.0,196.30002344510103,164.31570434570312,207.4517628813296,161.40000000000003,154.5,217.85751477077991,201.66283487387165,184,83,60,0,0,1
PROPAL_2004XXXX_R12_S2_T1,295.0,238.1652332803985,196.41297912597656,199.707508421136,253.16785714285712,260.0,231.11946749714127,191.53087432568464,206,154,133,0,0,1
PROPAL_2004XXXX_R18_S1_T1,264.0,143.0450878840996,144.13433837890625,162.57933523529277,206.87809523809523,254.0,161.0806017479124,174.58123613825867,103,54,44,0,0,1
PROPAL_2004XXXX_R18_S2_T1,264.0,209.35821543121529,181.31854248046875,241.87725498741693,231.685,260.0,214.5627651595609,297.0511914022366,196,134,106,0,0,1
PROPAL_2004XXXX_R26_S2_T1,300.0,191.9992937806134,161.7666015625,176.8545687199052,188.77357142857144,154.5,181.9663596682581,163.7428417150439,169,113,99,0,0,1
PROPAL_2004XXXX_R29_S1_T1,400.0,170.96237620104742,151.37522888183594,173.37108327232278,227.01833333333332,153.0,176.47531461901158,202.8088157735945,122,78,58,0,0,1
PROPAL_2004XXXX_R29_S2_T1,400.0,210.9785925728842,156.96133422851562,216.6779862873397,211.66666666666669,162.0,222.1549487401856,196.51787320164135,188,137,106,0,0,1
PROPAL_2004XXXX_R8_S1_T1,234.0,169.9884056925504,154.92872619628906,181.0486238217665,232.83333333333331,194.0,187.54427699048549,222.76755385458412,122,68,54,0,0,1
PROPAL_2004XXXX_R8_S2_T1,234.0,173.97265840030062,196.2535552978516,198.10422545967108,178.45833333333331,162.0,225.9626328301188,196.28273187732063,186,133,109,0,0,1
PROPAL_2005XXXX_R17_S1_T1,222.0,223.5081290591684,227.93606567382807,296.78088742821035,279.6816666666667,234.0,299.87849298686035,554.293908968772,213,112,84,0,0,1
PROPAL_2005XXXX_R17_S2_T1,222.0,185.27304334953143,182.3223876953125,160.54288384600963,196.83666666666664,170.5,193.63320868161705,158.70015241488824,157,78,53,0,0,1
PROPAL_2005XXXX_R20_S1_T1,226.0,214.57670283240375,216.62094116210935,167.7787808968302,229.1833333333333,158.0,188.88368821068892,269.9156544215895,153,93,74,0,0,1
PROPAL_2005XXXX_R20_S2_T1,226.0,248.39649292239693,235.6905975341797,261.20007806055685,292.4047619047619,234.0,280.4609423740657,350.3742626715018,204,146,127,0,0,1
PROPAL_2005XXXX_R27_S1_T1,266.0,275.41424737530303,270.4068603515625,263.75850808325384,278.51166666666666,513.0,328.1294548657702,563.3319162950911,230,152,122,0,0,1
PROPAL_2005XXXX_R27_S2_T1,266.0,217.80853086128548,195.23968505859372,208.6566784822257,227.67500000000004,158.0,205.30441472279227,259.0303219564792,164,121,112,0,0,1
PROPAL_2005XXXX_R32_S1_T1,268.0,280.45703711085406,317.4737854003906,272.8974424327868,426.2023809523809,377.0,265.13721601445656,275.2316257274406,267,170,132,0,0,1
PROPAL_2005XXXX_R32_S2_T1,268.0,235.04201744881723,266.34918212890625,235.21499094799915,226.28666666666663,209.0,224.56742732520263,92.5970360218272,214,145,128,0,0,1
PROPAL_2005XXXX_R38_S1_T1,301.0,358.7206217953627,402.5352783203125,398.2559497751693,451.2316666666667,408.0,414.4231899744177,510.2391792909544,296,168,123,0,0,1
PROPAL_2005XXXX_R38_S2_T1,301.0,228.66003246561775,215.00538635253903,222.68793405276585,293.76666666666665,234.0,252.33963506353305,163.56975207659409,208,135,114,0,0,1
PROPAL_2005XXXX_R8_S1_T1,220.0,191.4536869465747,208.6295928955078,190.6357669682427,243.16976190476188,158.0,193.02329178244275,314.1393260917795,112,81,71,0,0,1
PROPAL_2005XXXX_R8_S2_T1,220.0,237.8793089543974,256.9606628417969,228.84320900309592,259.11428571428576,295.0,274.3486661034947,199.15728176031388,204,142,112,0,0,1
PROPAL_2018NINA_R13_S1_T1,120.0,142.89624041506315,144.80259704589844,146.49619927641172,150.025,130.0,149.04127372162986,123.9943997036528,99,57,47,0,0,1
PROPAL_2018NINA_R13_S2_T1,120.0,213.2988866611453,136.76560974121094,114.21555024914326,142.10833333333332,130.0,128.46051095113043,121.741381762982,97,72,63,0,0,1
PROPAL_2018NINA_R20_S1_T1,142.0,184.7796579703472,174.17417907714844,195.13628750384075,201.51666666666665,196.5,198.46448518908335,210.9359772734395,134,89,66,0,0,1
PROPAL_2018NINA_R20_S2_T1,142.0,154.81232657950736,134.47996520996094,164.81911291858538,142.7652380952381,84.0,137.43819808146935,129.7226857841103,139,101,87,0,0,1
PROPAL_2018NINA_R32_S1_T1,138.0,190.1910233650893,172.34954833984375,189.08573051132143,225.71833333333333,239.0,194.4760468907372,213.5914344891363,162,87,76,0,0,1
PROPAL_2018NINA_R32_S2_T1,138.0,211.6860382406652,142.85975646972656,195.7752339056017,203.0,169.0,203.7310691756036,160.82235064753246,172,111,83,0,0,1
PROPAL_2018NINA_R38_S1_T1,172.0,137.16512085267388,121.61907958984376,176.52603671242207,139.14166666666665,133.0,146.2656691290239,187.67909525360253,125,80,64,0,0,1
PROPAL_2018NINA_R38_S2_T1,172.0,182.39263711229412,138.57908630371094,185.9036652563676,145.89583333333331,160.0,165.35451969204308,154.27962212389474,116,83,77,0,0,1
PROPAL_2018NINA_R7_S1_T1,175.0,209.3398366116224,210.0208282470703,218.48233948526027,244.72833333333327,264.5,241.2515563558566,263.5399096818993,176,120,102,0,0,1
PROPAL_2018NINA_R7_S2_T1,175.0,195.4425673485211,135.35423278808594,160.99190221864714,140.19166666666666,130.0,135.21573304305332,133.5694101579406,145,96,83,0,0,1
PROPAL_2018XXXX_R13_S1_T1,153.0,155.05828433856882,123.6858367919922,126.78447638637287,147.10595238095237,135.0,150.3443424026173,138.861956227174,98,71,60,0,0,1
PROPAL_2018XXXX_R13_S2_T1,153.0,177.60606838388125,168.18484497070312,167.4455956895752,188.7214285714286,185.0,168.07503502116404,243.547828583191,117,95,88,0,0,1
PROPAL_2018XXXX_R23_S2_T1,210.0,239.05587686240705,154.2664794921875,179.46629412467092,180.49642857142857,210.5,172.89293995312192,169.60013446489094,165,124,103,0,0,1
PROPAL_2018XXXX_R37_S1_T1,166.0,190.05622622118463,133.3860626220703,168.4983806944969,148.925,139.0,167.1146999440615,138.05448259903147,147,94,67,0,0,1
PROPAL_2018XXXX_R37_S2_T1,166.0,203.5973091103516,231.3269805908203,177.88638069754217,217.2573809523809,265.0,184.89916427350565,236.37104902360272,183,136,116,0,0,1
PROPAL_2018XXXX_R53_S1_T1,242.0,185.721975903849,149.45423889160156,178.68395592152822,200.16666666666669,210.5,189.255950044886,195.5972778121131,174,104,82,0,0,1
PROPAL_2018XXXX_R53_S2_T1,242.0,219.84376882225024,170.2931671142578,190.04105780965213,215.99642857142857,169.0,173.58567053453095,192.9765670553979,120,86,75,0,0,1
PROPAL_2018XXXX_R62_S1_T1,157.0,223.5350992154804,203.10157775878903,278.6501002762366,262.97,232.0,249.7078840499736,320.9286412812506,198,128,89,0,0,1
PROPAL_2018XXXX_R62_S2_T1,157.0,185.93433920430127,154.39881896972656,180.96579808010748,171.3,136.5,183.83097073778328,164.59852611401723,164,114,93,0,0,1
PROPAL_2018XXXX_R65_S2_T1,76.0,214.0928922118312,156.5160675048828,197.5546524024082,164.26,169.0,174.71554419555918,186.2437935450961,137,99,86,0,0,1
PROPAL_2018XXXX_R66_S1_T1,233.0,114.473379021242,113.9571762084961,104.98630897441367,131.70666666666665,145.5,135.83378516384877,145.0628421234225,78,45,38,0,0,1
PROPAL_2018XXXX_R66_S2_T1,233.0,200.64453892186964,145.29922485351562,191.9345162747817,154.90166666666667,169.0,178.26886263858034,161.6277747304504,138,100,86,0,0,1
PROPAL_2018XXXX_R67_S1_T1,206.0,122.06843853253972,94.2535629272461,111.37364384054888,113.18,132.0,136.47529760620873,95.41376117818264,68,37,32,0,0,1
PROPAL_2018XXXX_R67_S2_T1,206.0,175.5576807328917,238.73948669433597,195.05769367358684,281.15416666666664,207.0,211.61180959347044,324.26967427435466,132,92,80,0,0,1
PROPAL_94000000_R21_S1_T1,251.0,167.8863098925771,142.234375,165.77984886659337,210.525,120.0,161.74173276201304,150.9957110132898,105,68,52,0,0,1
PROPAL_94000000_R21_S2_T1,251.0,269.4627204073813,255.9396514892578,258.6648378070858,280.08333333333337,239.0,245.6467308571004,241.6243077599669,188,147,134,0,0,1
PROPAL_94000000_R33_S1_T1,379.0,231.14130416728216,254.00035095214844,242.8927265294134,255.5583333333333,282.0,273.78439530517414,326.09476676013327,190,125,107,0,0,1
PROPAL_94000000_R33_S2_T1,379.0,218.00368675358405,157.24205017089844,180.25979409981687,212.94,166.0,179.8782525708552,142.91703720004762,181,137,120,0,0,1
PROPAL_94000000_R4_S1_T1,537.0,335.48983665987794,436.8843688964844,432.5376544110306,481.7333333333334,765.0,413.0451729455647,530.5045962052209,365,234,179,0,0,1
PROPAL_94000000_R4_S2_T1,537.0,272.2234723174622,305.9358215332031,322.5606117674749,298.3566666666667,284.5,311.2389881811348,352.6609216461898,254,168,142,0,0,1
PROPAL_94000000_R44_S1_T1,59.0,150.85170364388927,131.31832885742188,177.33796217469376,166.09833333333336,336.0,204.27326493764247,135.9674587068985,97,52,42,0,0,1
PROPAL_94000000_R44_S2_T1,59.0,233.03256805675048,227.7540740966797,270.2129557218966,304.63,264.0,270.5622988797718,294.4352059878724,200,154,138,0,0,1
PROPAL_94000000_R47_S1_T1,284.0,142.35908046317306,170.35263061523438,161.0059623153265,222.0404761904762,117.0,180.35538167665476,145.51726692092942,110,44,28,0,0,1
PROPAL_94000000_R47_S2_T1,284.0,170.49927439034047,167.34854125976562,184.3520492761417,203.12785714285712,186.5,182.9082444034585,166.6790451427172,117,80,67,0,0,1
PROPAL_94000000_R8_S1_T1,260.0,235.3709357270375,193.4151306152344,199.4868105801591,235.5,239.0,245.4550981759089,185.3164215034957,205,134,105,0,0,1
PROPAL_94000000_R8_S2_T1,260.0,218.17530271592756,203.6527557373047,269.96499326130424,268.7233333333333,219.5,280.5289133689585,241.46650698038724,223,154,130,0,0,1
PROPAL_FUKUMOTO_R16_S2_T1,152.0,226.19528318087097,215.23638916015625,225.9291601882558,247.17166666666668,267.0,198.3770232081492,269.5371422388054,177,124,105,0,0,1
PROPAL_FUKUMOTO_R22_S1_T1,248.0,211.9993187770596,232.65953063964844,261.2197857767751,274.43666666666667,232.0,241.03875984611005,304.89346110005926,217,142,117,0,0,1
PROPAL_FUKUMOTO_R22_S2_T1,248.0,254.03036826424147,283.23663330078125,300.46002530697314,349.01666666666665,324.0,326.38225967973653,362.9559983514552,231,136,105,0,0,1
PROPAL_FUKUMOTO_R40_S1_T1,194.0,306.5329828327939,304.0741882324219,336.31775537311864,409.15,324.0,328.9700288927664,298.6857814774677,263,174,139,0,0,1
PROPAL_FUKUMOTO_R40_S2_T1,194.0,233.146552617713,243.56504821777344,276.0338598411975,221.9666666666667,232.0,251.1812214648459,244.47371324639388,207,120,98,0,0,1
PROPAL_FUKUMOTO_R42_S1_T1,61.0,148.39767475820372,165.5677490234375,190.32661821536053,190.2083333333333,388.0,185.34610908840875,179.47992405605444,111,62,48,0,0,1
PROPAL_FUKUMOTO_R44_S1_T1,85.0,262.38240030206066,251.3828887939453,222.8938969339684,277.8583333333333,267.0,205.85582263800225,215.69741740591957,183,115,92,0,0,1
PROPAL_FUKUMOTO_R44_S2_T1,85.0,133.97013160074766,70.92086029052734,80.99694102642579,108.33380952380952,92.0,74.26537173922098,74.49078136167813,52,31,26,0,0,1
PROPAL_FUKUMOTO_R48_S1_T1,111.0,215.99070764398363,230.9268798828125,260.2287322152548,263.03666666666663,232.0,254.6785208280011,275.2553542505087,208,113,87,0,0,1
PROPAL_FUKUMOTO_R6_S1_T1,116.0,188.3684516964485,144.14938354492188,179.43362585133065,178.8766666666667,179.0,169.04803259780346,162.4152843124269,143,69,49,0,0,1
PROPAL_FUKUMOTO_R6_S2_T1,116.0,192.16758672884936,160.33840942382812,201.5677420141652,300.71000000000004,181.0,181.82067570683225,221.0439268796433,137,96,88,0,0,1
PROPAL_LaneLatX_R13_S1_T1,181.0,184.1626390069389,239.8906707763672,277.7870759406013,235.86,285.0,286.83004038598114,282.3638620276694,188,117,87,0,0,1
PROPAL_LaneLatX_R13_S2_T1,181.0,181.93009618684516,184.2427978515625,166.31626196243144,186.28666666666663,205.0,167.69462983661734,180.46130926664293,123,84,69,0,0,1
PROPAL_LaneLatX_R23_S1_T1,84.0,140.38742561662065,161.79440307617188,174.85080071040446,179.75666666666663,138.0,157.02663619391214,199.86555451249689,148,87,72,0,0,1
PROPAL_LaneLatX_R23_S2_T1,84.0,150.36115775659897,151.606689453125,149.9093685532433,140.30833333333334,138.0,159.07816612312922,155.07134827402953,111,78,66,0,0,1
PROPAL_LaneLatX_R24_S1_T1,132.0,111.43301101096304,150.7701873779297,168.80031812370686,171.57666666666668,138.0,157.47547685158534,167.22470161000592,106,60,49,0,0,1
PROPAL_LaneLatX_R24_S2_T1,132.0,115.9489389864532,97.56643676757812,74.25038977760606,109.88333333333333,63.0,92.6896786372165,78.20365702019755,58,38,34,0,0,1
PROPAL_LaneLatX_R28_S1_T1,135.0,216.7382090135072,172.4038543701172,186.7318060329068,178.8683333333333,273.0,203.75577902395443,210.58414899439325,174,110,90,0,0,1
PROPAL_LaneLatX_R28_S2_T1,135.0,122.23630889793417,113.08026123046876,120.36081041517052,132.625,138.0,135.76695312813743,111.9554662740026,85,37,27,0,0,1
PROPAL_LaneLatX_R7_S1_T1,153.0,203.82123994089005,241.7167816162109,248.16953929926424,284.71,470.0,263.87699759287244,197.8254517463163,222,136,101,0,0,1
PROPAL_LaneLatX_R7_S2_T1,153.0,121.9526409403119,121.38191986083984,113.5006454548603,133.73333333333332,63.0,115.80898765180224,92.3125515676348,71,52,44,0,0,1
PROPAL_LaneLatX_R8_S1_T1,160.0,148.32331796877708,190.59945678710935,170.8579145332715,199.45166666666665,205.0,175.91993852324416,185.1622690266864,147,84,62,0,0,1
PROPAL_LaneLatX_R8_S2_T1,160.0,153.5466772214564,141.2624969482422,172.63308488269342,155.23166666666663,160.0,173.45858010521303,176.52248200271669,87,67,65,0,0,1
PROPAL_M7XXXXXX_R23_S1_T1,66.0,112.72633763744167,107.16925811767578,197.973158214745,103.43690476190476,228.5,146.6033437419524,184.8105377404722,55,36,29,0,0,1
PROPAL_M7XXXXXX_R23_S2_T1,66.0,105.07246531123768,102.56256103515624,184.02490523972557,145.21380952380952,137.0,121.1656942512372,108.393070784427,55,30,25,0,0,1
PROPAL_M7XXXXXX_R24_S1_T1,46.0,91.45605524526276,65.55999755859375,122.82915701757568,85.25166666666667,228.5,60.80604235017755,121.61787388114053,35,22,16,0,0,1
PROPAL_M7XXXXXX_R24_S2_T1,46.0,125.24882620071884,107.35189819335938,167.13704169058843,139.18571428571423,228.5,146.61962029268707,175.50131682573817,79,47,35,0,0,1
PROPAL_M7XXXXXX_R30_S1_T1,149.0,126.21960631183484,138.16212463378906,150.45054417933707,141.36095238095237,228.5,141.50565093050665,172.70889491483547,80,54,46,0,0,1
PROPAL_M7XXXXXX_R30_S2_T1,149.0,81.53519248107105,66.6051025390625,92.23033393208532,107.00166666666668,228.5,78.08781712049709,155.2205331427607,27,19,16,0,0,1
PROPAL_M7XXXXXX_R32_S1_T1,160.0,126.7113075036335,118.01947784423828,137.5038506782022,121.90238095238097,144.0,129.13634376556348,125.29755763463255,85,68,60,0,0,1
PROPAL_M7XXXXXX_R32_S2_T1,160.0,149.12932210284464,132.54434204101562,146.44729362944452,146.0016666666667,214.0,146.92275633604052,128.822151965255,103,75,64,0,0,1
PROPAL_M7XXXXXX_R34_S1_T1,142.0,113.75865927947316,119.82575988769533,144.90674514721587,146.61904761904762,144.0,137.50320367261338,144.98981082054897,88,56,45,0,0,1
PROPAL_M7XXXXXX_R34_S2_T1,142.0,89.91276613282822,140.4963836669922,163.2567545684779,176.66095238095238,144.0,152.0971260894626,155.25813298863318,65,43,33,0,0,1
PROPAL_M7XXXXXX_R6_S1_T1,169.0,163.5274720057566,148.85960388183594,193.1445926214399,203.4766666666667,225.0,173.8375194665523,131.63528585431612,179,128,113,0,0,1
PROPAL_M7XXXXXX_R6_S2_T1,169.0,142.50866351783674,142.73997497558594,172.17658821991273,163.10523809523812,228.5,164.33984219287427,239.82295254389504,87,54,45,0,0,1
PROPAL_Mandarin_R25_S1_T1,475.0,576.4678990675845,713.154541015625,639.5572228112179,665.4285714285716,840.0,622.6019773171369,564.73068010418,359,198,153,0,1,0
PROPAL_Mandarin_R25_S2_T1,475.0,510.6786079092836,586.0631713867188,530.0776588324827,617.7577380952382,360.0,489.12214404019016,662.7260403757443,314,174,138,0,1,0
PROPAL_Mandarin_R44_S1_T1,547.0,479.1557137285714,552.9911499023438,479.14141854264295,590.2266666666667,480.0,497.59245838324665,599.7444037846343,274,175,124,0,1,0
PROPAL_Mandarin_R44_S2_T1,547.0,285.00678436510054,298.9374084472656,241.33306343949,390.9859523809524,354.0,225.07447167319512,228.9090012219128,174,89,68,0,1,0
PROPAL_Mandarin_R48_S1_T1,1360.0,1094.1530102088675,771.1366577148438,849.8010153454654,943.6416666666668,1020.0,687.6245917794075,619.912849244248,738,416,302,0,1,0
PROPAL_Mandarin_R48_S2_T1,1360.0,1137.7849062774571,790.1115112304688,805.4210468428639,979.3666666666668,1020.0,766.3956160576203,782.1642661694789,775,470,357,0,1,0
PROPAL_Mandarin_R54_S1_T1,649.0,675.4071604494769,692.9754028320312,730.9055656605417,776.8833333333334,720.0,789.5434125162228,749.4866631688471,435,281,191,0,1,0
PROPAL_Mandarin_R54_S2_T1,649.0,602.3688785861791,628.8073120117188,516.5540179488887,839.275,720.0,645.6631754426156,631.6016315692044,395,242,169,0,1,0
PROPAL_Mandarin_R60_S1_T1,544.0,783.2343417526978,724.8379516601562,684.6923573857329,873.0583333333334,720.0,693.1463342446792,709.7413862083401,509,331,271,0,1,0
PROPAL_Mandarin_R60_S2_T1,544.0,365.8567864096586,452.9437561035156,458.0314434359326,422.31500000000005,568.0,453.9554090459325,496.76993218117457,200,117,98,0,1,0
PROPAL_Mandarin_R7_S1_T1,765.0,609.1503258308471,644.087158203125,744.3644440977001,793.4333333333334,840.0,675.9160692483147,777.0622476445369,369,188,133,0,1,0
PROPAL_Mandarin_R7_S2_T1,765.0,570.1810761978945,624.3566284179688,626.2374488731826,752.0083333333334,720.0,670.7346776231581,684.2687446394739,380,223,169,0,1,0
SHANIR_SUMGLD_R10_S1_T2,110.0,121.61876914384342,193.65599060058597,182.53260714735745,301.7966666666667,463.0,161.89660697601613,196.0540815889726,116,51,39,0,0,1
SHANIR_SUMGLD_R10_S1_T4,113.0,69.13708604173584,185.8018951416016,199.30148976164577,251.6483333333333,120.0,149.29078457344644,184.45523834990308,99,50,40,0,0,1
SHANIR_SUMGLD_R10_S1_T6,96.0,-36.7111449078335,117.29264068603516,144.45480556985603,113.3,109.0,140.52558146893915,152.05638297078738,90,34,20,0,0,1
SHANIR_SUMGLD_R10_S1_T8,93.0,-69.44693709298622,115.1691436767578,47.27211046093773,124.42,109.0,34.866633617198744,98.16111079748909,98,33,21,0,0,1
SHANIR_SUMGLD_R10_S1_T10,128.0,107.73794442541995,209.44993591308597,298.3137278747208,181.3383333333333,119.0,177.594486967094,173.1084105830398,102,44,31,0,0,1
SHANIR_SUMGLD_R10_S1_T12,124.0,58.33282060970652,173.1964111328125,191.4418009192808,174.01333333333332,120.0,178.35966396355028,195.88897454475676,116,67,51,0,0,1
SHANIR_SUMGLD_R10_S1_T16,115.0,-0.1439427945353486,128.5334014892578,113.293105009383,182.665,120.0,80.92462691090263,160.95213965542084,90,29,19,0,0,1
SHANIR_SUMGLD_R10_S1_T18,130.0,53.57139623200297,187.2894744873047,359.2269087864899,278.78000000000003,120.0,213.9881473445168,274.50272157099647,99,40,22,0,0,1
SHANIR_SUMGLD_R10_S1_T20,117.0,-16.710287678133,159.22132873535156,173.94248520690232,204.43,120.0,133.3038670866384,179.83120592804087,102,30,18,0,0,1
SHANIR_SUMGLD_R10_S1_T22,138.0,34.75301738472692,111.57403564453124,97.92442811871274,110.16666666666669,109.0,112.83814868706786,123.73019000831562,77,32,26,0,0,1
SHANIR_SUMGLD_R10_S1_T24,96.0,120.41961461011768,199.02056884765625,243.72571072817303,309.1466666666667,120.0,204.1162618118125,284.3838252278913,160,47,31,0,0,1
SHANIR_SUMGLD_R10_S1_T26,138.0,-72.05899224076711,103.80111694335938,86.36463729160853,138.525,109.0,75.30198571464707,106.83979654539225,68,19,13,0,0,1
SHANIR_SUMGLD_R10_S1_T28,214.0,100.58168748917636,174.69583129882812,187.50810471400587,303.48142857142864,120.0,167.24666556946934,267.938494741646,118,68,46,0,0,1
SHANIR_SUMGLD_R10_S1_T30,201.0,107.23580849556402,132.55392456054688,184.25950644083903,255.08333333333331,119.0,204.53062835710185,214.3137934830782,96,55,44,0,0,1
SHANIR_SUMGLD_R10_S1_T32,213.0,79.82250191122466,147.53135681152344,141.47299169160698,193.35,120.0,142.0204090782101,202.61518030324456,88,38,27,0,0,1
SHANIR_SUMGLD_R10_S1_T34,125.0,15.969101861201011,123.3120574951172,117.72825886001552,147.71166666666667,120.0,88.18316635313181,117.94028521756238,99,39,26,0,0,1
SHANIR_SUMGLD_R10_S1_T36,192.0,80.1362704578901,173.36956787109375,171.97441260988722,292.7166666666667,120.0,190.4760154638691,144.5617654678518,155,79,62,0,0,1
SHANIR_SUMGLD_R10_S1_T38,105.0,-28.620178258329304,98.7442626953125,144.40038892373832,139.92666666666668,66.0,119.10532544859916,104.90058607040191,58,28,21,0,0,1
SHANIR_SUMGLD_R10_S1_T40,92.0,75.35400267355621,100.97767639160156,95.29596533534068,97.91666666666666,109.0,66.79355900444207,83.17146960280515,81,38,27,0,0,1
SHANIR_SUMGLD_R11_S1_T3,92.0,63.087872644988096,102.69003295898438,71.36740462712204,109.49476190476192,109.0,53.966435901000935,61.39244592006993,68,44,32,0,0,1
SHANIR_SUMGLD_R11_S1_T5,22.0,9.584477218694133,99.9349365234375,90.98048781453838,128.20166666666665,119.0,129.56506295309416,194.8815928530563,40,23,19,0,0,1
SHANIR_SUMGLD_R11_S1_T7,78.0,49.37288027929867,115.14217376708984,130.39723807913143,105.94333333333334,119.0,104.4818786837999,171.3726371295053,56,33,26,0,0,1
SHANIR_SUMGLD_R11_S1_T9,176.0,129.65819364586483,158.14157104492188,202.9118762718838,141.37142857142857,66.0,179.3814298547151,176.40599914141487,93,64,54,0,0,1
SHANIR_SUMGLD_R11_S1_T11,133.0,-5.542659188220114,116.5931396484375,151.38238333272832,128.16166666666666,66.0,117.82858617607648,96.36295910812848,92,63,55,0,0,1
SHANIR_SUMGLD_R11_S1_T13,133.0,135.1209407130129,197.65542602539065,213.62279087413228,193.0583333333333,138.0,208.10381273107905,219.1262659768622,105,77,67,0,0,1
SHANIR_SUMGLD_R11_S1_T15,201.0,61.195676698533646,136.89234924316406,147.09776730333496,159.63833333333332,119.0,130.71230347637993,172.58941955440866,76,49,40,0,0,1
SHANIR_SUMGLD_R11_S1_T17,88.0,28.1621682258768,137.3987579345703,116.7135623161688,150.34333333333333,198.0,139.1874166525385,201.98432025454036,75,42,31,0,0,1
SHANIR_SUMGLD_R11_S1_T19,100.0,54.90708544264905,99.87566375732422,116.85767129162704,92.08166666666668,109.0,129.11075438374826,88.38910666261079,82,56,44,0,0,1
SHANIR_SUMGLD_R11_S1_T21,146.0,108.03965509653614,136.1600799560547,185.02798736424785,119.815,119.0,180.75222860968296,167.74817344570667,93,61,49,0,0,1
SHANIR_SUMGLD_R11_S1_T25,254.0,122.55585674779844,193.87283325195312,211.0104114685901,208.89666666666668,120.0,184.44792901637663,247.49574645454533,113,87,79,0,0,1
SHANIR_SUMGLD_R11_S1_T27,210.0,141.72680018440477,199.7350616455078,190.5724140427839,198.9,120.0,167.23536333377368,166.8645045341082,135,79,62,0,0,1
SHANIR_SUMGLD_R11_S1_T29,94.0,265.4906785522783,124.59268951416016,158.05735381925953,162.7,119.0,125.37166705189225,187.6945433556845,73,43,34,0,0,1
SHANIR_SUMGLD_R11_S1_T31,48.0,-55.072450937808014,97.9290008544922,68.29509224068363,128.21166666666664,66.0,47.42078627966272,78.33189570194233,49,29,20,0,0,1
SHANIR_SUMGLD_R11_S1_T33,21.0,-0.3719035179871071,93.17941284179688,85.05113604553468,96.83916666666669,109.0,70.47763549781531,80.71147675965638,37,24,18,0,0,1
SHANIR_SUMGLD_R11_S1_T35,87.0,45.43540897215473,80.00614929199219,39.85320546258141,102.325,109.0,36.41215478026118,79.5647104324727,46,30,21,0,0,1
SHANIR_SUMGLD_R11_S1_T37,162.0,146.77014823751568,205.75128173828125,205.78219628745984,206.68666666666667,120.0,177.44691260906532,223.4007312671087,123,83,67,0,0,1
SHANIR_SUMGLD_R11_S1_T39,219.0,129.7537193038035,215.8008270263672,254.87906289993532,260.7133333333333,120.0,256.5051010788707,282.0672490688688,117,83,71,0,0,1
SHANIR_SUMGLD_R11_S1_T41,46.0,234.08803888222025,127.3680419921875,129.55587867244506,92.9,119.0,136.00390268811557,124.09909111037663,72,36,27,0,0,1
SHANIR_SUMGLD_R2_S1_T2,206.0,152.32795322167206,285.8924865722656,242.46051137629087,408.4747619047619,120.0,236.24358643847975,306.10048556411124,156,86,61,0,0,1
SHANIR_SUMGLD_R2_S1_T4,139.0,75.56534922320611,197.84722900390625,165.3550885590726,256.81309523809523,120.0,170.57103986869544,257.45694404344425,132,55,41,0,0,1
SHANIR_SUMGLD_R2_S1_T6,190.0,124.52610320664304,217.09864807128903,197.56736731949204,318.6647619047619,120.0,195.8326815977936,264.6891817228366,132,55,29,0,0,1
SHANIR_SUMGLD_R2_S1_T8,138.0,118.56749647550762,256.7898254394531,205.22286451195603,368.38976190476194,120.0,204.2712160276823,330.42847607181693,140,67,45,0,0,1
SHANIR_SUMGLD_R2_S1_T10,56.0,67.5412333746624,116.9166488647461,188.7410794935913,166.29500000000002,120.0,146.95737113742203,154.45976955513802,94,36,22,0,0,1
SHANIR_SUMGLD_R2_S1_T12,97.0,-6.656951109621389,110.1092300415039,63.25278970572525,127.35555555555555,120.0,82.69246542918704,107.27403328062766,90,26,18,0,0,1
SHANIR_SUMGLD_R2_S1_T16,109.0,461.9686221595027,159.8721160888672,219.3037280592666,204.105,120.0,221.0017301189553,256.24864046849314,134,60,38,0,0,1
SHANIR_SUMGLD_R2_S1_T18,196.0,164.393462606253,200.2451934814453,203.99616813584691,331.4914285714286,463.0,187.870691539483,262.9154320050175,127,57,44,0,0,1
SHANIR_SUMGLD_R2_S1_T20,191.0,88.5231057642923,193.8794860839844,161.26573653257014,271.8066666666667,120.0,165.0461300279267,230.76642076117085,107,50,28,0,0,1
SHANIR_SUMGLD_R2_S1_T22,159.0,121.16022638668832,266.7321472167969,157.51656758825342,360.97333333333336,120.0,196.0950875486153,269.5535411021775,137,60,42,0,0,1
SHANIR_SUMGLD_R2_S1_T24,166.0,110.47402099302631,234.05343627929688,223.46237770269013,345.50666666666666,120.0,226.8775921736976,346.5222229126998,162,94,68,0,0,1
SHANIR_SUMGLD_R2_S1_T26,168.0,61.826324828231066,194.625244140625,155.23232278645983,329.3514285714286,120.0,133.9608386434344,278.9851280488007,127,54,32,0,0,1
SHANIR_SUMGLD_R2_S1_T29,160.0,8.377117246004502,145.22731018066406,142.09573479695865,140.55,119.0,149.3126822951361,180.70423320099985,84,42,28,0,0,1
SHANIR_SUMGLD_R2_S1_T31,153.0,115.8649973289073,212.3192443847656,243.1433620986304,329.15809523809526,120.0,213.72570141302043,337.3426257803111,124,56,42,0,0,1
SHANIR_SUMGLD_R2_S1_T33,121.0,124.27804571556982,212.21456909179688,199.27031149668363,329.15809523809526,120.0,179.019669679554,247.25744940144165,130,63,46,0,0,1
SHANIR_SUMGLD_R2_S1_T35,162.0,133.1175207930358,250.74822998046875,244.56975028673608,327.35,120.0,232.481965552982,324.3892895166575,177,82,61,0,0,1
SHANIR_SUMGLD_R2_S1_T37,172.0,105.67816898055288,212.21925354003903,178.34382328265517,287.774761904762,120.0,191.527083037807,226.8163773902405,123,47,38,0,0,1
SHANIR_SUMGLD_R2_S1_T39,182.0,93.49086473590803,180.0755157470703,202.72016284111297,270.1033333333333,120.0,189.99402698074127,298.54583747716447,107,55,39,0,0,1
SHANIR_SUMGLD_R2_S1_T41,168.0,51.67879744279767,237.5591278076172,218.00559387944256,349.2714285714286,120.0,194.14080539610177,301.46509891262286,135,69,47,0,0,1
SHANIR_SUMGLD_R3_S1_T3,197.0,139.28625693869205,212.84239196777344,231.8801101717512,332.8164285714286,463.0,213.8355251254303,347.2144976422515,139,68,46,0,0,1
SHANIR_SUMGLD_R3_S1_T5,66.0,116.8290673823104,167.2252197265625,177.4914707735768,337.71809523809526,120.0,154.59883572356551,251.82612702214783,116,42,28,0,0,1
SHANIR_SUMGLD_R3_S1_T7,159.0,80.20028407798151,144.21388244628906,181.5053841973024,152.54333333333335,120.0,167.51183820529786,183.02060938093285,117,51,38,0,0,1
SHANIR_SUMGLD_R3_S1_T9,197.0,117.3539259953076,233.64501953125,205.94211826862147,317.4483333333334,120.0,196.08369185269936,265.8331313712701,129,45,31,0,0,1
SHANIR_SUMGLD_R3_S1_T11,275.0,130.91494869946513,227.88511657714844,220.87276526334932,324.48,220.0,229.8524857262892,322.8798261826097,195,81,53,0,0,1
SHANIR_SUMGLD_R3_S1_T13,271.0,124.3083910152192,189.47482299804688,131.5444438264011,255.15309523809523,120.0,167.4943108313749,281.42683542915023,119,58,51,0,0,1
SHANIR_SUMGLD_R3_S1_T15,182.0,124.55328096284596,210.38800048828125,221.3966439523044,279.36,120.0,191.38072035969952,316.2103225131573,132,62,49,0,0,1
SHANIR_SUMGLD_R3_S1_T17,187.0,111.3694379494346,172.0803680419922,202.55572175646503,313.2133333333333,463.0,170.80742860887216,247.2816633163507,118,48,24,0,0,1
SHANIR_SUMGLD_R3_S1_T19,152.0,140.1822059409202,175.4993896484375,197.0409673896352,277.5547619047619,120.0,207.40140508113345,229.33354754202213,148,68,48,0,0,1
SHANIR_SUMGLD_R3_S1_T21,146.0,117.53362659820166,216.97300720214844,218.4320983804106,326.66,120.0,197.8156597744755,307.90631335712334,130,62,36,0,0,1
SHANIR_SUMGLD_R3_S1_T23,311.0,185.6931768740514,211.59298706054688,252.76337791501825,292.2958333333333,220.0,253.4175677608998,235.74547022007724,201,97,71,0,0,1
SHANIR_SUMGLD_R3_S1_T25,267.0,169.64947770360357,204.61708068847656,263.9531989883336,295.45833333333337,120.0,246.2333437685052,331.9089597432844,176,89,65,0,0,1
SHANIR_SUMGLD_R3_S1_T27,183.0,23.356877399490717,143.2720184326172,147.52443495845023,152.06333333333333,120.0,138.48028199707582,163.3406512408392,134,49,34,0,0,1
SHANIR_SUMGLD_R3_S1_T29,329.0,161.38557365040282,222.00732421875,236.45702260240697,313.4216666666667,220.0,239.2805347001986,292.99319123533616,186,114,92,0,0,1
SHANIR_SUMGLD_R3_S1_T31,165.0,59.74011226037109,203.98483276367188,202.6659963879772,290.03000000000003,120.0,210.74301664483028,226.0213660836264,147,62,43,0,0,1
SHANIR_SUMGLD_R3_S1_T33,260.0,146.6210983865367,235.5569610595703,237.67005794939575,316.9033333333333,220.0,243.4358551271769,250.76090693510548,186,104,77,0,0,1
SHANIR_SUMGLD_R3_S1_T35,94.0,136.18302699027208,209.9924468994141,197.69588602710675,221.605,120.0,176.0298339648802,225.92574333484305,143,49,31,0,0,1
SHANIR_SUMGLD_R3_S1_T37,140.0,121.38644462941664,207.8558807373047,178.35644269334736,371.609761904762,120.0,168.63035214543575,329.92141692291847,136,60,50,0,0,1
SHANIR_SUMGLD_R3_S1_T39,205.0,113.87918410876958,245.7010040283203,197.6954468238774,409.16142857142864,120.0,171.31276927968543,251.9284450932321,144,61,40,0,0,1
SHANIR_SUMGLD_R3_S1_T41,161.0,133.91043549380623,265.4515686035156,210.0891969411229,427.9447619047619,120.0,194.682088997504,304.33295828903084,143,69,51,0,0,1
SHANIR_SUMGLD_R4_S1_T2,220.0,628.8464272511283,171.3975372314453,166.0902239632652,214.8847619047619,368.0,195.96789919495413,232.83674437412245,104,55,47,0,0,1
SHANIR_SUMGLD_R4_S1_T4,289.0,227.5647956478627,246.98342895507807,284.15400833059715,300.69666666666666,220.0,270.06848727667693,338.98951019385066,209,105,79,0,0,1
SHANIR_SUMGLD_R4_S1_T6,263.0,156.3901877294548,271.6717529296875,229.6931921562592,380.7380952380952,120.0,239.96905990414788,370.27946708320127,163,73,51,0,0,1
SHANIR_SUMGLD_R4_S1_T8,179.0,192.8443204682793,236.9593963623047,233.34322425408928,285.40500000000003,295.0,246.55917846503624,303.79769123662913,212,85,59,0,0,1
SHANIR_SUMGLD_R4_S1_T10,221.0,134.31099091898312,193.27960205078125,192.96305641779247,359.26476190476194,120.0,179.16761289173516,291.2779343502143,129,52,36,0,0,1
SHANIR_SUMGLD_R4_S1_T12,144.0,133.57898533979923,218.2963104248047,227.71699189758004,269.1797619047619,120.0,219.38551572357352,287.9269134542762,168,88,70,0,0,1
SHANIR_SUMGLD_R4_S1_T14,149.0,153.10314095827454,196.4520263671875,250.82034715283996,232.5916666666667,120.0,250.88602824195272,321.2691184844137,179,74,53,0,0,1
SHANIR_SUMGLD_R4_S1_T16,138.0,78.31939871652199,208.92214965820312,248.8936480870981,255.36,120.0,235.57761918382565,249.920854060754,150,55,34,0,0,1
SHANIR_SUMGLD_R4_S1_T18,220.0,169.54935937226733,186.4234619140625,242.52109882088823,217.83500000000004,201.0,271.5110070141064,245.65893343375188,184,87,71,0,0,1
SHANIR_SUMGLD_R4_S1_T20,337.0,124.44439494910438,180.63560485839844,218.88565133133844,290.21666666666664,120.0,197.2869817306968,241.42018847898427,183,84,54,0,0,1
SHANIR_SUMGLD_R4_S1_T22,225.0,119.63032249615128,207.91737365722656,250.71391995243795,263.4916666666667,120.0,241.0993500925761,209.33829663482803,178,104,68,0,0,1
SHANIR_SUMGLD_R4_S1_T24,214.0,161.4293501899404,170.25286865234375,150.6088946824027,218.8833333333333,120.0,149.20173064812727,165.51049834997087,117,56,36,0,0,1
SHANIR_SUMGLD_R4_S1_T26,236.0,101.10900843701744,250.9355316162109,193.73095939941535,358.3780952380952,120.0,219.9191652404492,256.00487746778083,154,75,51,0,0,1
SHANIR_SUMGLD_R4_S1_T28,173.0,437.0100674061757,209.93577575683597,206.90398142549336,258.55119047619047,120.0,215.37519666480424,316.3020010693904,181,94,74,0,0,1
SHANIR_SUMGLD_R4_S1_T30,283.0,180.80973917110876,290.1328125,332.23684545123933,310.79,220.0,288.3477459361222,335.623634249221,220,90,61,0,0,1
SHANIR_SUMGLD_R4_S1_T32,147.0,81.53953760350626,146.6350860595703,175.88912926519646,170.43333333333334,120.0,141.5637935807004,148.39454859757834,106,43,29,0,0,1
SHANIR_SUMGLD_R4_S1_T34,324.0,167.0356311842841,350.1953430175781,394.3660147989281,414.8495238095238,367.0,357.73242459911165,401.9620340833405,240,149,106,0,0,1
SHANIR_SUMGLD_R4_S1_T36,268.0,67.9828103262058,220.5831298828125,236.2887286933889,301.56666666666666,120.0,246.2336192897957,309.3547207899632,178,70,50,0,0,1
SHANIR_SUMGLD_R4_S1_T38,209.0,119.49340778674208,219.7553253173828,269.8953594995793,300.18809523809523,220.0,289.4568220566535,306.3175769374713,184,91,65,0,0,1
SHANIR_SUMGLD_R4_S1_T40,198.0,147.95555997648475,215.5047149658203,221.40371272197095,355.5130952380952,120.0,219.3599365827344,305.1526030357122,139,57,40,0,0,1
SHANIR_SUMGLD_R5_S1_T3,280.0,120.97457069217448,178.36123657226562,159.12626091455215,288.5,120.0,143.1917620850718,183.4720694817793,158,96,81,0,0,1
SHANIR_SUMGLD_R5_S1_T5,88.0,21.87384740380708,142.1223907470703,255.03014096728333,132.55666666666667,109.0,138.9018487293448,111.65974430116536,74,27,20,0,0,1
SHANIR_SUMGLD_R5_S1_T7,161.0,143.7318984662001,196.7136993408203,170.62019388775744,319.3164285714286,120.0,158.3737552468112,236.34037173191584,125,56,39,0,0,1
SHANIR_SUMGLD_R5_S1_T9,189.0,125.3236566342872,159.67465209960938,178.65900094111365,144.89166666666668,119.0,162.75417840031187,187.0774494814187,95,47,35,0,0,1
SHANIR_SUMGLD_R5_S1_T11,205.0,145.0518500899479,239.96136474609372,195.86706718486272,332.72,120.0,163.48665088920785,338.8607226995242,145,86,71,0,0,1
SHANIR_SUMGLD_R5_S1_T13,284.0,150.38433442187392,232.0944061279297,194.206904413791,304.6797619047619,120.0,192.2287244067236,211.8940479099211,154,73,53,0,0,1
SHANIR_SUMGLD_R5_S1_T15,273.0,171.4495470749887,221.6314392089844,218.2563664551458,349.24309523809524,201.0,210.05323409843623,293.1184003024795,194,106,75,0,0,1
SHANIR_SUMGLD_R5_S1_T17,46.0,99.5753822814271,182.77392578125,272.59926123513674,311.9747619047619,463.0,232.7811860029356,371.91360979123726,111,46,26,0,0,1
SHANIR_SUMGLD_R5_S1_T19,131.0,58.55410050173785,168.11279296875,158.5855106909878,194.98,120.0,172.62501203611805,240.8510138245006,106,39,27,0,0,1
SHANIR_SUMGLD_R5_S1_T21,298.0,152.2006297898136,224.6223297119141,243.07440159523225,316.32166666666666,220.0,253.5810416113527,315.4751622516228,185,101,73,0,0,1
SHANIR_SUMGLD_R5_S1_T23,138.0,107.92335603178924,173.8748779296875,178.88130830361024,149.80166666666668,120.0,149.85912301027946,177.65896203141327,103,49,28,0,0,1
SHANIR_SUMGLD_R5_S1_T25,91.0,131.6546591333984,199.4782257080078,196.05750764348,174.35666666666663,463.0,161.99240503981363,252.30953497654315,100,58,43,0,0,1
SHANIR_SUMGLD_R5_S1_T27,183.0,153.01467513961634,244.09922790527344,204.9335491984893,360.99,120.0,185.1809040483023,344.33565497980743,162,91,73,0,0,1
SHANIR_SUMGLD_R5_S1_T29,179.0,123.36335111424958,235.46632385253903,203.9733162844744,351.89476190476194,120.0,189.4881100617259,303.3460574532807,134,78,59,0,0,1
SHANIR_SUMGLD_R5_S1_T31,195.0,157.25545526852068,228.6448516845703,218.96813263740157,333.7797619047619,120.0,193.0260449427417,274.9975423383359,149,61,50,0,0,1
SHANIR_SUMGLD_R5_S1_T33,51.0,92.82077684226024,203.39227294921875,201.92192001510864,349.33833333333337,120.0,209.1951714701117,206.93778846583857,162,56,32,0,0,1
SHANIR_SUMGLD_R5_S1_T35,95.0,90.8466634027867,214.9993896484375,169.77430607085347,257.4333333333333,120.0,180.9457127363812,203.24350598819825,171,81,48,0,0,1
SHANIR_SUMGLD_R5_S1_T37,127.0,-268.70179476709285,219.03253173828125,209.5384002544752,274.5780952380952,120.0,211.16231417740244,231.04895601963497,139,68,52,0,0,1
SHANIR_SUMGLD_R5_S1_T39,185.0,83.22249532200092,204.2614898681641,177.98618030180623,307.49,120.0,171.60530615900396,280.3047530672268,110,46,35,0,0,1
SHANIR_SUMGLD_R5_S1_T41,76.0,-16.744739183541753,125.7976531982422,157.2323862544339,149.07166666666666,120.0,133.39276485740066,150.55854698048117,90,36,20,0,0,1
SHANIR_SUMGLD_R6_S1_T2,94.0,116.12420412566595,132.19589233398438,135.11827101326435,182.4664285714286,368.0,151.58922697794557,190.76256627319316,94,47,35,0,0,1
SHANIR_SUMGLD_R6_S1_T4,158.0,100.34690202957444,166.1222381591797,150.03383687886645,155.96666666666667,66.0,173.62675033489185,215.20769134332156,84,37,27,0,0,1
SHANIR_SUMGLD_R6_S1_T6,102.0,96.17802848173125,209.95574951171875,197.1108717726424,234.2683333333333,120.0,215.16524814500772,254.458346664032,133,47,34,0,0,1
SHANIR_SUMGLD_R6_S1_T8,211.0,95.20959498586336,156.20339965820312,204.75693197980564,251.2,120.0,200.44288875068924,230.1967320447632,172,90,59,0,0,1
SHANIR_SUMGLD_R6_S1_T10,174.0,113.53860200782476,158.44622802734375,147.42741462619944,160.08333333333331,120.0,128.20402344829645,142.60027844656992,130,59,45,0,0,1
SHANIR_SUMGLD_R6_S1_T12,136.0,19.111220622103477,208.6607208251953,216.65241277432017,286.52714285714285,120.0,182.52025477013527,198.59956818695568,132,62,41,0,0,1
SHANIR_SUMGLD_R6_S1_T14,249.0,79.58559878083949,222.96603393554688,266.47085654204403,339.30499999999995,220.0,254.3601470484815,323.2699695978485,205,107,72,0,0,1
SHANIR_SUMGLD_R6_S1_T16,166.0,-148.28398672042275,82.4482192993164,15.298513131471742,78.61142857142856,109.0,65.82851634955378,74.28094683455633,72,29,19,0,0,1
SHANIR_SUMGLD_R6_S1_T18,160.0,132.19703971873318,207.4305725097656,243.18948629086208,256.14833333333337,295.0,246.63752247945413,227.5711210332228,198,93,64,0,0,1
SHANIR_SUMGLD_R6_S1_T20,131.0,58.79863115798835,189.32763671875,211.91419664651727,300.8933333333333,120.0,186.9024584074438,257.6696245708493,120,58,39,0,0,1
SHANIR_SUMGLD_R6_S1_T22,105.0,116.09402199096375,209.3453063964844,189.392088434358,169.46833333333333,120.0,173.12498162816948,206.44574315625871,123,45,27,0,0,1
SHANIR_SUMGLD_R6_S1_T24,232.0,136.15118100002664,201.35516357421875,237.19933281213184,367.57166666666666,220.0,267.97546030310485,215.92110442856105,185,73,49,0,0,1
SHANIR_SUMGLD_R6_S1_T26,260.0,159.58580105261123,206.7397003173828,253.0023757151772,243.205,220.0,248.17565844925747,227.25935369795056,199,97,80,0,0,1
SHANIR_SUMGLD_R6_S1_T28,214.0,90.9816537102285,187.7984161376953,184.08143689740095,291.55000000000007,120.0,181.8130422020328,126.80474916567624,150,59,43,0,0,1
SHANIR_SUMGLD_R6_S1_T30,33.0,12.466019189285705,117.5058364868164,152.6470227154692,154.1322222222222,120.0,125.99639234948748,113.58091394722612,91,25,15,0,0,1
SHANIR_SUMGLD_R6_S1_T32,210.0,149.8326993690482,202.75694274902344,240.054193944269,305.3066666666668,120.0,235.45339807105307,303.70603995851866,176,76,52,0,0,1
SHANIR_SUMGLD_R6_S1_T34,256.0,52.48219944834139,196.75782775878903,245.6200788147253,310.28166666666664,220.0,244.0796965580843,294.97669875063764,201,103,74,0,0,1
SHANIR_SUMGLD_R6_S1_T36,134.0,100.70014510931831,217.66497802734372,234.16361506316505,242.7997619047619,120.0,209.8146333239964,280.8876471870349,149,45,29,0,0,1
SHANIR_SUMGLD_R6_S1_T38,181.0,93.78325562550408,176.67758178710938,190.67073710550252,197.71666666666664,120.0,180.4377772454068,195.5464997699937,132,65,54,0,0,1
SHANIR_SUMGLD_R6_S1_T40,199.0,122.16295423076367,184.85333251953125,193.33231165744303,217.21166666666664,120.0,183.53794560245507,252.57997183468083,128,43,29,0,0,1
SHANIR_SUMGLD_R7_S1_T3,121.0,70.05844401917236,140.51121520996094,206.4900106755683,165.90833333333333,120.0,185.1469806735967,207.7864240618813,79,45,39,0,0,1
SHANIR_SUMGLD_R7_S1_T5,165.0,35.77629159610714,104.84288024902344,75.762436178857,156.505,120.0,70.45408332251554,135.07991923896674,91,29,19,0,0,1
SHANIR_SUMGLD_R7_S1_T7,159.0,71.62006631938613,135.52005004882812,122.26776020219155,170.09,120.0,107.46143083331684,166.1759320902461,96,47,34,0,0,1
SHANIR_SUMGLD_R7_S1_T11,167.0,81.93879833127886,177.50979614257812,163.25881842075808,302.9247619047619,120.0,127.18887606681776,187.735319078192,137,67,53,0,0,1
SHANIR_SUMGLD_R7_S1_T13,42.0,16.861320963743935,126.47932434082033,127.6782018135374,110.14333333333336,66.0,117.01152080117768,143.21958687514416,56,19,14,0,0,1
SHANIR_SUMGLD_R7_S1_T15,112.0,106.44115389615864,174.7838897705078,160.3339838242405,306.02166666666665,463.0,116.47575395746706,270.7931078773207,105,38,26,0,0,1
SHANIR_SUMGLD_R7_S1_T17,140.0,64.37792372629747,160.90780639648438,128.20305711528832,199.55,120.0,104.13007065610822,235.5535958530444,110,63,53,0,0,1
SHANIR_SUMGLD_R7_S1_T19,92.0,6.517466938493726,162.82620239257812,115.04880653648364,138.84166666666664,120.0,119.27033066918464,145.82397073372297,111,46,28,0,0,1
SHANIR_SUMGLD_R7_S1_T21,144.0,30.95775781062747,141.18075561523438,99.49826864809177,110.72,109.0,120.1006431415178,155.09092808757447,96,27,18,0,0,1
SHANIR_SUMGLD_R7_S1_T23,296.0,7.50327709436641,183.33169555664065,297.9033359546668,208.8083333333333,120.0,184.53686632502163,171.83482656744062,94,35,25,0,0,1
SHANIR_SUMGLD_R7_S1_T25,177.0,115.5785200618042,180.8721923828125,178.27368958716733,305.1014285714286,120.0,150.90463945108675,241.76216997477297,124,64,51,0,0,1
SHANIR_SUMGLD_R7_S1_T27,201.0,70.63754355528067,127.62841796875,206.63087953885807,136.825,119.0,147.38676333171873,171.32553041404498,79,35,25,0,0,1
SHANIR_SUMGLD_R7_S1_T29,157.0,104.63419130162282,130.69754028320312,122.8499165113638,101.91666666666666,66.0,143.61598662093755,148.26775652696043,92,33,25,0,0,1
SHANIR_SUMGLD_R7_S1_T31,156.0,98.33122695822236,170.7213592529297,202.68256027764875,294.61333333333334,120.0,190.62400263553675,267.0628577115402,107,55,44,0,0,1
SHANIR_SUMGLD_R7_S1_T33,101.0,121.01809522762312,197.33938598632807,230.74298980102049,214.74666666666667,120.0,197.58962474882395,223.51652520778555,106,41,25,0,0,1
SHANIR_SUMGLD_R7_S1_T35,226.0,108.20558386677246,212.2327880859375,176.1728384069093,271.3614285714285,120.0,180.25249537439785,185.4225871398065,150,84,71,0,0,1
SHANIR_SUMGLD_R7_S1_T37,205.0,66.84321960609151,171.9344940185547,164.1204451123175,259.26166666666666,120.0,131.47191775506616,177.80993944389846,105,50,41,0,0,1
SHANIR_SUMGLD_R7_S1_T39,169.0,32.9454460058233,106.00180053710938,117.58093705952348,106.36833333333334,66.0,118.62830129138648,109.37434414465754,86,40,36,0,0,1
SHANIR_SUMGLD_R7_S1_T41,175.0,132.82560271791843,229.7983856201172,217.74837629189756,322.97142857142865,120.0,249.66529584153776,289.9617163143266,164,95,62,0,0,1
SHANIR_SUMGLD_R8_S1_T2,94.0,118.42451790897402,171.42848205566406,181.60077953217365,230.88333333333333,368.0,185.5059248985625,309.1106468664639,100,61,55,0,0,1
SHANIR_SUMGLD_R8_S1_T4,87.0,94.25630541404706,127.0970458984375,146.04589288844696,118.62666666666668,109.0,137.29117665434015,100.42214419048328,62,44,37,0,0,1
SHANIR_SUMGLD_R8_S1_T6,177.0,111.7438720214236,187.420166015625,196.39423068042345,204.63166666666663,120.0,186.49378376579844,228.9907149924611,126,81,70,0,0,1
SHANIR_SUMGLD_R8_S1_T8,138.0,69.82698538313949,178.12925720214844,218.3362187241764,200.88333333333333,120.0,209.96182231405484,250.9381804702049,102,60,55,0,0,1
SHANIR_SUMGLD_R8_S1_T10,167.0,96.3158868131494,175.0771026611328,170.66462485463902,157.61166666666665,120.0,154.83505771957243,216.15544821118615,107,72,62,0,0,1
SHANIR_SUMGLD_R8_S1_T12,183.0,91.08128646132172,226.5413360595703,226.29041963336925,241.51833333333332,120.0,188.72952229079047,291.6410412570118,103,59,49,0,0,1
SHANIR_SUMGLD_R8_S1_T16,63.0,-73.18231552700405,138.8556671142578,249.7377261112321,155.40916666666666,66.0,95.27026670162226,109.67319535010328,58,21,15,0,0,1
SHANIR_SUMGLD_R8_S1_T18,147.0,31.451055044081016,198.9885711669922,234.62137888565871,152.75333333333336,120.0,186.2570585025157,212.02488957963175,110,59,47,0,0,1
SHANIR_SUMGLD_R8_S1_T20,199.0,32.24495637881876,198.8136749267578,219.74994199121912,175.98666666666668,120.0,202.58438683810684,234.3625655423417,122,58,36,0,0,1
SHANIR_SUMGLD_R8_S1_T22,146.0,42.08966769588369,183.6360321044922,218.2792360548834,202.6383333333333,120.0,231.4415418174765,293.29487007707667,105,39,28,0,0,1
SHANIR_SUMGLD_R8_S1_T24,130.0,8.639385480491796,145.2815399169922,163.20731525199952,144.72476190476192,120.0,140.85191718041233,188.9857303295108,106,55,35,0,0,1
SHANIR_SUMGLD_R8_S1_T26,139.0,53.08075684309304,185.02220153808597,152.2473958778502,199.4964285714286,120.0,157.63317058901174,162.159265919333,141,62,46,0,0,1
SHANIR_SUMGLD_R8_S1_T28,143.0,55.82160519065312,179.26783752441406,162.97590902342912,138.92000000000002,120.0,139.22661096695225,148.88933640834384,116,72,56,0,0,1
SHANIR_SUMGLD_R8_S1_T30,242.0,103.5074223537856,144.50498962402344,153.60869590641423,298.9966666666667,120.0,172.72034259097353,135.94066429171755,152,80,66,0,0,1
SHANIR_SUMGLD_R8_S1_T32,180.0,3.2945069831433784,151.94732666015625,193.99371152283095,275.1883333333334,120.0,159.59573518708973,271.1000073188414,106,41,23,0,0,1
SHANIR_SUMGLD_R8_S1_T34,61.0,-3.6155059787919863,204.0689392089844,301.2504868516825,194.07083333333333,120.0,169.91981975848267,195.11974340419377,69,42,32,0,0,1
SHANIR_SUMGLD_R8_S1_T36,185.0,82.78956038655795,199.41336059570312,237.64118324182272,214.72000000000003,120.0,194.120448891854,208.90402076580963,107,52,39,0,0,1
SHANIR_SUMGLD_R8_S1_T40,125.0,37.40669755740703,136.9374237060547,97.93095676409952,224.835,368.0,95.12646061522352,178.99129394282326,89,33,21,0,0,1
SHANIR_SUMGLD_R9_S1_T3,138.0,118.64854277595222,176.69786071777344,243.23557219826228,231.11531746031747,198.0,193.35326160235945,214.74307763727688,101,62,51,0,0,1
SHANIR_SUMGLD_R9_S1_T5,129.0,111.61448065384243,143.39776611328125,214.00025726162,126.375,119.0,232.9967995956012,216.8785805230535,73,38,34,0,0,1
SHANIR_SUMGLD_R9_S1_T7,188.0,91.36559210393963,124.89680480957033,159.03692603431335,132.04833333333335,120.0,145.57616755259014,143.9739197749202,94,43,33,0,0,1
SHANIR_SUMGLD_R9_S1_T9,63.0,74.137451701912,118.94305419921876,115.11737567453464,105.045,119.0,117.87308737891787,123.10765738740128,85,43,35,0,0,1
SHANIR_SUMGLD_R9_S1_T11,164.0,119.91062599013377,171.5481414794922,173.27407814528945,149.87166666666667,119.0,156.1553003475813,135.64942278929425,105,57,48,0,0,1
SHANIR_SUMGLD_R9_S1_T13,138.0,72.95936658491914,100.07306671142578,109.58709833992336,164.06666666666666,120.0,116.02311203338502,109.01346534732352,78,46,39,0,0,1
SHANIR_SUMGLD_R9_S1_T15,78.0,22.69544043389709,83.61260986328125,36.979136393881554,123.385,66.0,11.661411221369123,75.86790228539653,41,18,13,0,0,1
SHANIR_SUMGLD_R9_S1_T17,111.0,79.32437788242316,121.83860778808594,115.81968520908995,125.735,119.0,96.72871797503574,170.34372472713355,58,36,26,0,0,1
SHANIR_SUMGLD_R9_S1_T19,164.0,131.15976064960117,148.895263671875,187.72765431556115,172.65,368.0,165.56728535590756,225.04845861706144,96,65,58,0,0,1
SHANIR_SUMGLD_R9_S1_T21,137.0,38.01117572461956,98.42664337158205,96.50689367094826,124.20166666666668,66.0,67.990267485494,97.6874424268868,51,34,27,0,0,1
SHANIR_SUMGLD_R9_S1_T25,174.0,111.5093862840438,131.3155517578125,137.77930473772415,152.23333333333335,120.0,138.01906792386242,131.14974275386254,87,57,39,0,0,1
SHANIR_SUMGLD_R9_S1_T27,204.0,102.69560645646608,179.41978454589844,139.09265732510525,177.68333333333334,119.0,124.5434513504416,210.47578102483445,88,56,45,0,0,1
SHANIR_SUMGLD_R9_S1_T29,173.0,-8.350783380981113,120.5560531616211,161.41845037886307,134.91666666666669,119.0,169.804286045671,190.4741139391033,83,49,44,0,0,1
SHANIR_SUMGLD_R9_S1_T31,228.0,151.33398324073818,203.03009033203125,175.58720912389447,169.24666666666667,138.0,179.44262803793862,275.6193427481453,111,71,61,0,0,1
SHANIR_SUMGLD_R9_S1_T33,61.0,59.70127824159147,83.27257537841797,84.15877726904235,102.88500000000002,66.0,57.04184354073908,32.10646274430141,49,28,22,0,0,1
SHANIR_SUMGLD_R9_S1_T35,166.0,110.4359872923099,198.23692321777344,149.44138113004516,168.595,120.0,129.97245490171346,206.593164342332,108,76,67,0,0,1
SHANIR_SUMGLD_R9_S1_T37,207.0,117.21646904571747,178.98214721679688,188.672470250237,192.925,120.0,195.16884275807536,194.03529528837103,128,93,84,0,0,1
SHANIR_SUMGLD_R9_S1_T39,97.0,-72.5680624200279,131.23036193847656,103.65553583994028,136.23166666666663,66.0,144.91672878601608,148.7651222525659,68,51,45,0,0,1
SHANIR_SUMGLD_R9_S1_T41,94.0,137.82676179752596,142.5491180419922,174.4628832016989,124.86833333333334,66.0,159.1512658718319,140.24359093191745,87,62,53,0,0,1
